,uuid,teos_volume,ammonia_volume,water_volume,ethanol_volume,dilution_volume_fraction,silica_mass_conc,silica_mass_fraction,ethanol_dilute_vol,sample_dilute_vol,well,dilute_well
0,c049d50d-d474-4b1d-8af0-3139a68e54dd,142.2638975083828,25.805254466831684,64.535578712821,1467.3952693119645,0.2667326653917422,22.524425312423705,0.027775224646779076,1247.0,453.0,A1,A4
1,fcc5c872-c8c1-48f2-8690-29c5d0dbc2b4,16.99999962002039,49.49338920414448,122.57274612784386,1510.9338650479913,2.2321429070351386,2.69158393983841,0.003326921950492568,0.0,1700.0,A2,A5
2,55b89f43-de6a-4b59-a209-806a5fadf1ad,16.99999962002039,58.08859132230282,94.25325840711594,1530.6581506505609,2.2321429070351386,2.69158393983841,0.0033389928072691125,0.0,1700.0,A3,A6
