,uuid,teos_volume,ammonia_volume,water_volume,ethanol_volume,dilution_volume_fraction,silica_mass_conc,silica_mass_fraction,well
0,b832195b-dc4c-4140-96e9-7fee992f7edc,214.49099999999999,188.91000000000003,1249.9815,8346.6175,2.965908659504195,2.0256861184,0.002526960790086175,B2
1,b051bb0a-13b2-40fe-86ab-106ebad656b5,214.49099999999999,188.91000000000003,1249.9815,8346.6175,2.965908659504195,2.0256861184,0.002526960790086175,B3
2,3b7603a9-e804-4af1-922c-1667d26bf48d,214.49099999999999,188.91000000000003,1249.9815,8346.6175,2.965908659504195,2.0256861184,0.002526960790086175,B4
3,ec4beeba-a553-4e90-aef4-1da1488390d7,214.49099999999999,188.91000000000003,1249.9815,8346.6175,2.965908659504195,2.0256861184,0.002526960790086175,C1
4,644da4c1-2683-4e97-adff-5b72ff4754d1,214.49099999999999,188.91000000000003,1249.9815,8346.6175,2.965908659504195,2.0256861184,0.002526960790086175,C2
