,uuid,teos_volume,ammonia_volume,water_volume,ethanol_volume,dilution_volume_fraction,silica_mass_conc,silica_mass_fraction,well
0,0be9d95b-b3d4-4246-99d9-cd5554c2ca13,174.43938,268.19982000000005,93.16935000000001,1164.1914499999998,1.239941593791166,4.8453895168,0.006079932740547718,A7
1,6d4c6048-4b88-4a18-aed6-7ea936033cf0,174.43938,268.19982000000005,93.16935000000001,1164.1914499999998,1.239941593791166,4.8453895168,0.006079932740547718,A8
2,01f260ef-7e01-4bd7-9bc6-712015100c9c,174.43938,268.19982000000005,93.16935000000001,1164.1914499999998,1.239941593791166,4.8453895168,0.006079932740547718,B1
3,7b676039-761f-43c2-80e4-7a8bf22c1a35,72.92694,183.05379,424.99371,1019.02556,2.965908659504195,2.0256861184,0.002526960790086175,B3
4,3f4ea786-327e-4bd0-8ea4-1ad27b2d4187,72.92694,183.05379,424.99371,1019.02556,2.965908659504195,2.0256861184,0.002526960790086175,B4
5,f7c30e0d-fa5f-4d3a-a456-1319cc85efb0,72.92694,183.05379,424.99371,1019.02556,2.965908659504195,2.0256861184,0.002526960790086175,B5
