,uuid,teos_volume,ammonia_volume,water_volume,ethanol_volume,dilution_volume_fraction,silica_mass_conc,silica_mass_fraction,well
0,34413cc5-3d1a-4ec6-a0f5-44c8eec31ae8,214.49099999999999,538.3935000000001,1249.9815,7997.134,2.965908659504195,2.0256861184,0.002526960790086175,B2
1,41ca5374-eccb-4552-9e28-231f02e69043,214.49099999999999,467.1435000000001,1321.2315,7997.134,2.965908659504195,2.0256861184,0.0025261868782180405,B3
2,5861c158-06af-44d5-8529-060663163acd,214.49099999999999,395.8935,1392.4814999999999,7997.134,2.965908659504195,2.0256861184,0.0025254134402442423,B4
3,496003e3-5117-4f71-83a4-08bdfbac510e,214.49099999999999,324.6435000000001,1463.7315,7997.134,2.965908659504195,2.0256861184,0.00252464047572964,C1
4,75d4f802-0474-4db9-ae8d-0517e8f43d05,214.49099999999999,253.39350000000005,1534.9815,7997.134,2.965908659504195,2.0256861184,0.002523867984239625,C2
