,uuid,teos_volume,ammonia_volume,water_volume,ethanol_volume,dilution_volume_fraction,silica_mass_conc,silica_mass_fraction,well
0,5d004fa6-354b-410e-aca3-4284b0e6266f,107.24549999999999,269.19675000000007,624.99075,3998.567,2.965908659504195,2.0256861184,0.002526960790086175,A1
1,50af223d-6bd5-4d67-870b-aa7de4c78c82,107.24549999999999,269.19675000000007,624.99075,3998.567,2.965908659504195,2.0256861184,0.002526960790086175,A2
2,55bc401f-29ab-49c3-a187-3466745c7ccc,107.24549999999999,269.19675000000007,624.99075,3998.567,2.965908659504195,2.0256861184,0.002526960790086175,A3
3,e45aeffb-fd8d-4321-bf0e-7659784b2d86,107.24549999999999,269.19675000000007,624.99075,3998.567,2.965908659504195,2.0256861184,0.002526960790086175,A4
4,a7c73a4e-a672-4d5f-8ff6-e9a85a0dd7e3,107.24549999999999,269.19675000000007,624.99075,3998.567,2.965908659504195,2.0256861184,0.002526960790086175,B1
