,uuid,teos_volume,ammonia_volume,water_volume,ethanol_volume,dilution_volume_fraction,silica_mass_conc,silica_mass_fraction,well
0,53848e92-adb8-429a-bb6a-2f565d1bd947,127.942,915.2689500000001,2124.96855,13831.820499999998,2.965908659504195,2.0256861184,0.002526960790086175,A1
1,8b74899c-c252-4896-96b4-8d8f970411ed,127.942,915.2689500000001,2124.96855,13831.820499999998,2.965908659504195,2.0256861184,0.002526960790086175,A2
2,a65ef767-20fb-4136-9455-97c67b1c14ce,127.942,915.2689500000001,2124.96855,13831.820499999998,2.965908659504195,2.0256861184,0.002526960790086175,A3
3,797bea6d-5e5f-4ae9-b1fe-3fbac831b401,127.942,915.2689500000001,2124.96855,13831.820499999998,2.965908659504195,2.0256861184,0.002526960790086175,A4
4,33c6cd5a-5e18-4fc3-8acf-a463166b07bd,127.942,915.2689500000001,2124.96855,13831.820499999998,2.965908659504195,2.0256861184,0.002526960790086175,B1
