,uuid,teos_volume,ammonia_volume,water_volume,ethanol_volume,dilution_volume_fraction,silica_mass_conc,silica_mass_fraction,well
0,dc074903-9e5f-4865-9e3d-c7048a916a4c,364.6347,915.2689500000001,2124.96855,13595.127799999998,2.965908659504195,2.0256861184,0.002526960790086175,A1
1,5ed5518d-3b92-4818-a800-5ba51f86239d,364.6347,915.2689500000001,2124.96855,13595.127799999998,2.965908659504195,2.0256861184,0.002526960790086175,A2
2,dfcbb570-4601-4499-b685-1be0e900d2ad,364.6347,915.2689500000001,2124.96855,13595.127799999998,2.965908659504195,2.0256861184,0.002526960790086175,A3
3,7fac3721-5c19-4583-a66c-56274a376575,364.6347,915.2689500000001,2124.96855,13595.127799999998,2.965908659504195,2.0256861184,0.002526960790086175,A4
4,1cd1ff7c-4720-44f9-9492-265727463dfc,364.6347,915.2689500000001,2124.96855,13595.127799999998,2.965908659504195,2.0256861184,0.002526960790086175,B1
