,uuid,teos_volume,ammonia_volume,water_volume,ethanol_volume,dilution_volume_fraction,silica_mass_conc,silica_mass_fraction,well
0,82c085e1-a523-40ce-9e89-4fa0bf546525,214.49099999999999,538.3935000000001,1249.9815,7997.134,2.965908659504195,2.0256861184,0.002526960790086175,B2
1,747534b1-7370-49a5-bdc1-4fce5227f391,214.49099999999999,538.3935000000001,1249.9815,7997.134,2.965908659504195,2.0256861184,0.002526960790086175,B3
2,e5f6e82f-0282-46c8-be77-d8914adca9b5,214.49099999999999,538.3935000000001,1249.9815,7997.134,2.965908659504195,2.0256861184,0.002526960790086175,B4
3,c87ac840-ddde-43ab-a8e3-b5e3eb5a273d,214.49099999999999,538.3935000000001,1249.9815,7997.134,2.965908659504195,2.0256861184,0.002526960790086175,C1
4,d034d82c-e329-484c-91cc-75ea655a1446,214.49099999999999,538.3935000000001,1249.9815,7997.134,2.965908659504195,2.0256861184,0.002526960790086175,C2
