{"08a5da14-0475-4fe1-8ff8-a28b61149ec6": {"teos_vol_frac": 0.04594780006445944, "ammonia_vol_frac": 0.08236495736986399, "water_vol_frac": 0.12192985116969794, "scattering_I": 